{"meta": {"timestamp": "20231018_145818", "num_teleport": 8, "num_local": 5, "num_runs": 200, "t1": 10000000000.0, "t2": 10000000.0, "latency_factor": 0.01, "cc_latency": 100000.0, "local_busy_duration": 0, "network_bin_len": 100000, "network_period": 800000, "network_first_bin": 0, "num_qubits_bob": 10}, "data_points": [{"num_teleport": 8, "num_local": 5, "tel_succ_prob": 0.721875, "tel_succ_prob_lower": 0.6994077356251407, "tel_succ_prob_upper": 0.7432793726279436, "loc_succ_prob": 0.883, "loc_succ_prob_lower": 0.8615966700317587, "loc_succ_prob_upper": 0.9014719256510663, "makespan": 25640875.0}]}