{"meta": {"timestamp": "20231018_143640", "num_teleport": 7, "num_local": 14, "num_runs": 1, "t1": 10000000000.0, "t2": 10000000.0, "latency_factor": 0.01, "cc_latency": 100000.0, "local_busy_duration": 0, "network_bin_len": 100000, "network_period": 700000, "network_first_bin": 0, "num_qubits_bob": 10}, "data_points": [{"num_teleport": 7, "num_local": 14, "tel_succ_prob": 0.42857142857142855, "tel_succ_prob_lower": 0.15821692226262685, "tel_succ_prob_upper": 0.7495457695909742, "loc_succ_prob": 0.7142857142857143, "loc_succ_prob_lower": 0.4535045882751561, "loc_succ_prob_upper": 0.882788120898909, "makespan": 34041000.0}]}