{"meta": {"timestamp": "20231018_145221", "num_teleport": 14, "num_local": 13, "num_runs": 200, "t1": 10000000000.0, "t2": 10000000.0, "latency_factor": 0.01, "cc_latency": 100000.0, "local_busy_duration": 0, "network_bin_len": 100000, "network_period": 1400000, "network_first_bin": 0, "num_qubits_bob": 10}, "data_points": [{"num_teleport": 14, "num_local": 13, "tel_succ_prob": 0.665, "tel_succ_prob_lower": 0.6473016769064036, "tel_succ_prob_upper": 0.6822461834292161, "loc_succ_prob": 0.7592307692307693, "loc_succ_prob_lower": 0.7424214747239801, "loc_succ_prob_upper": 0.775275147067453, "makespan": 49958950.0}]}