{"meta": {"timestamp": "20231018_145220", "num_teleport": 10, "num_local": 15, "num_runs": 200, "t1": 10000000000.0, "t2": 10000000.0, "latency_factor": 0.01, "cc_latency": 100000.0, "local_busy_duration": 0, "network_bin_len": 100000, "network_period": 1000000, "network_first_bin": 0, "num_qubits_bob": 10}, "data_points": [{"num_teleport": 10, "num_local": 15, "tel_succ_prob": 0.632, "tel_succ_prob_lower": 0.6106296588766017, "tel_succ_prob_upper": 0.6528642220768629, "loc_succ_prob": 0.7363333333333333, "loc_succ_prob_lower": 0.7202708674600227, "loc_succ_prob_upper": 0.7517913078557462, "makespan": 42159350.0}]}