{"meta": {"timestamp": "20231018_145221", "num_teleport": 1, "num_local": 15, "num_runs": 200, "t1": 10000000000.0, "t2": 10000000.0, "latency_factor": 0.01, "cc_latency": 100000.0, "local_busy_duration": 0, "network_bin_len": 100000, "network_period": 100000, "network_first_bin": 0, "num_qubits_bob": 10}, "data_points": [{"num_teleport": 1, "num_local": 15, "tel_succ_prob": 0.59, "tel_succ_prob_lower": 0.5207633107255152, "tel_succ_prob_upper": 0.655844408209187, "loc_succ_prob": 0.7446666666666667, "loc_succ_prob_lower": 0.7287568132969864, "loc_succ_prob_upper": 0.7599507137577026, "makespan": 20646625.0}]}