{"meta": {"timestamp": "20231018_143640", "num_teleport": 10, "num_local": 6, "num_runs": 1, "t1": 10000000000.0, "t2": 10000000.0, "latency_factor": 0.01, "cc_latency": 100000.0, "local_busy_duration": 0, "network_bin_len": 100000, "network_period": 1000000, "network_first_bin": 0, "num_qubits_bob": 10}, "data_points": [{"num_teleport": 10, "num_local": 6, "tel_succ_prob": 0.9, "tel_succ_prob_lower": 0.5958436145024277, "tel_succ_prob_upper": 0.9821242504842789, "loc_succ_prob": 0.8333333333333334, "loc_succ_prob_lower": 0.4364905634363539, "loc_succ_prob_upper": 0.9699474141282696, "makespan": 31346000.0}]}