{"meta": {"timestamp": "20231018_145818", "num_teleport": 10, "num_local": 6, "num_runs": 200, "t1": 10000000000.0, "t2": 10000000.0, "latency_factor": 0.01, "cc_latency": 100000.0, "local_busy_duration": 0, "network_bin_len": 100000, "network_period": 1000000, "network_first_bin": 0, "num_qubits_bob": 10}, "data_points": [{"num_teleport": 10, "num_local": 6, "tel_succ_prob": 0.6515, "tel_succ_prob_lower": 0.6303442362929328, "tel_succ_prob_upper": 0.6720748770741117, "loc_succ_prob": 0.8641666666666666, "loc_succ_prob_lower": 0.8436155952319934, "loc_succ_prob_upper": 0.8823935408536843, "makespan": 31345500.0}]}