{"meta": {"timestamp": "20231018_151456", "num_teleport": 13, "num_local": 10, "num_runs": 200, "t1": 10000000000.0, "t2": 10000000.0, "latency_factor": 0.01, "cc_latency": 100000.0, "local_busy_duration": 0, "network_bin_len": 100000, "network_period": 1300000, "network_first_bin": 0, "num_qubits_bob": 10}, "data_points": [{"num_teleport": 13, "num_local": 10, "tel_succ_prob": 0.6703846153846154, "tel_succ_prob_lower": 0.6520757781499666, "tel_succ_prob_upper": 0.688190695816806, "loc_succ_prob": 0.785, "loc_succ_prob_lower": 0.7664575093340178, "loc_succ_prob_upper": 0.8024497336336899, "makespan": 44259125.0}]}