{"meta": {"timestamp": "20231018_144535", "num_teleport": 11, "num_local": 3, "num_runs": 200, "t1": 10000000000.0, "t2": 10000000.0, "latency_factor": 0.01, "cc_latency": 100000.0, "local_busy_duration": 0, "network_bin_len": 100000, "network_period": 1100000, "network_first_bin": 0, "num_qubits_bob": 10}, "data_points": [{"num_teleport": 11, "num_local": 3, "tel_succ_prob": 0.7036363636363636, "tel_succ_prob_lower": 0.6842124054017915, "tel_succ_prob_upper": 0.7223503893108593, "loc_succ_prob": 0.94, "loc_succ_prob_lower": 0.9180526725654965, "loc_succ_prob_upper": 0.9563488261056782, "makespan": 30145950.0}]}