{"meta": {"timestamp": "20231018_145221", "num_teleport": 5, "num_local": 14, "num_runs": 200, "t1": 10000000000.0, "t2": 10000000.0, "latency_factor": 0.01, "cc_latency": 100000.0, "local_busy_duration": 0, "network_bin_len": 100000, "network_period": 500000, "network_first_bin": 0, "num_qubits_bob": 10}, "data_points": [{"num_teleport": 5, "num_local": 14, "tel_succ_prob": 0.647, "tel_succ_prob_lower": 0.6168681093891878, "tel_succ_prob_upper": 0.6760067824264134, "loc_succ_prob": 0.7428571428571429, "loc_succ_prob_lower": 0.7263431869074599, "loc_succ_prob_upper": 0.7587056118549239, "makespan": 29046425.0}]}