{"meta": {"timestamp": "20231018_143651", "num_teleport": 1, "num_local": 14, "num_runs": 1, "t1": 10000000000.0, "t2": 10000000.0, "latency_factor": 0.01, "cc_latency": 100000.0, "local_busy_duration": 0, "network_bin_len": 100000, "network_period": 100000, "network_first_bin": 0, "num_qubits_bob": 10}, "data_points": [{"num_teleport": 1, "num_local": 14, "tel_succ_prob": 0.0, "tel_succ_prob_lower": 0.0, "tel_succ_prob_upper": 0.7934567085261071, "loc_succ_prob": 0.7142857142857143, "loc_succ_prob_lower": 0.4535045882751561, "loc_succ_prob_upper": 0.882788120898909, "makespan": 19341000.0}]}