{"meta": {"timestamp": "20231018_145221", "num_teleport": 1, "num_local": 14, "num_runs": 200, "t1": 10000000000.0, "t2": 10000000.0, "latency_factor": 0.01, "cc_latency": 100000.0, "local_busy_duration": 0, "network_bin_len": 100000, "network_period": 100000, "network_first_bin": 0, "num_qubits_bob": 10}, "data_points": [{"num_teleport": 1, "num_local": 14, "tel_succ_prob": 0.565, "tel_succ_prob_lower": 0.4957060908195921, "tel_succ_prob_upper": 0.6318439284110261, "loc_succ_prob": 0.7496428571428572, "loc_succ_prob_lower": 0.7332615203660285, "loc_succ_prob_upper": 0.7653401124794218, "makespan": 19346125.0}]}