{"meta": {"timestamp": "20231018_145220", "num_teleport": 15, "num_local": 15, "num_runs": 200, "t1": 10000000000.0, "t2": 10000000.0, "latency_factor": 0.01, "cc_latency": 100000.0, "local_busy_duration": 0, "network_bin_len": 100000, "network_period": 1500000, "network_first_bin": 0, "num_qubits_bob": 10}, "data_points": [{"num_teleport": 15, "num_local": 15, "tel_succ_prob": 0.6406666666666667, "tel_succ_prob_lower": 0.6233272049037936, "tel_succ_prob_upper": 0.6576463324491749, "loc_succ_prob": 0.7383333333333333, "loc_succ_prob_lower": 0.7223068252800392, "loc_succ_prob_upper": 0.7537502344530705, "makespan": 55740950.0}]}