{"meta": {"timestamp": "20231018_150753", "num_teleport": 3, "num_local": 8, "num_runs": 200, "t1": 10000000000.0, "t2": 10000000.0, "latency_factor": 0.01, "cc_latency": 100000.0, "local_busy_duration": 0, "network_bin_len": 100000, "network_period": 300000, "network_first_bin": 0, "num_qubits_bob": 10}, "data_points": [{"num_teleport": 3, "num_local": 8, "tel_succ_prob": 0.615, "tel_succ_prob_lower": 0.5754497991896141, "tel_succ_prob_upper": 0.6530869561448974, "loc_succ_prob": 0.8325, "loc_succ_prob_lower": 0.8134104993460248, "loc_succ_prob_upper": 0.8499966600642311, "makespan": 17045650.0}]}