{"meta": {"timestamp": "20231018_143645", "num_teleport": 7, "num_local": 3, "num_runs": 1, "t1": 10000000000.0, "t2": 10000000.0, "latency_factor": 0.01, "cc_latency": 100000.0, "local_busy_duration": 0, "network_bin_len": 100000, "network_period": 700000, "network_first_bin": 0, "num_qubits_bob": 10}, "data_points": [{"num_teleport": 7, "num_local": 3, "tel_succ_prob": 0.7142857142857143, "tel_succ_prob_lower": 0.35892909014821267, "tel_succ_prob_upper": 0.9177828342909845, "loc_succ_prob": 1.0, "loc_succ_prob_lower": 0.4384939195509822, "loc_succ_prob_upper": 1.0, "makespan": 21441000.0}]}