{"meta": {"timestamp": "20231018_145818", "num_teleport": 15, "num_local": 5, "num_runs": 200, "t1": 10000000000.0, "t2": 10000000.0, "latency_factor": 0.01, "cc_latency": 100000.0, "local_busy_duration": 0, "network_bin_len": 100000, "network_period": 1500000, "network_first_bin": 0, "num_qubits_bob": 10}, "data_points": [{"num_teleport": 15, "num_local": 5, "tel_succ_prob": 0.6756666666666666, "tel_succ_prob_lower": 0.6586995693068777, "tel_succ_prob_upper": 0.6921844453495543, "loc_succ_prob": 0.893, "loc_succ_prob_lower": 0.8723146338063988, "loc_succ_prob_upper": 0.9106774239046983, "makespan": 43445825.0}]}