{"meta": {"timestamp": "20231018_143648", "num_teleport": 3, "num_local": 14, "num_runs": 1, "t1": 10000000000.0, "t2": 10000000.0, "latency_factor": 0.01, "cc_latency": 100000.0, "local_busy_duration": 0, "network_bin_len": 100000, "network_period": 300000, "network_first_bin": 0, "num_qubits_bob": 10}, "data_points": [{"num_teleport": 3, "num_local": 14, "tel_succ_prob": 1.0, "tel_succ_prob_lower": 0.4384939195509822, "tel_succ_prob_upper": 1.0, "loc_succ_prob": 0.6428571428571429, "loc_succ_prob_lower": 0.3876400468214041, "loc_succ_prob_upper": 0.8365550926279727, "makespan": 24246000.0}]}