{"meta": {"timestamp": "20231018_143644", "num_teleport": 3, "num_local": 5, "num_runs": 1, "t1": 10000000000.0, "t2": 10000000.0, "latency_factor": 0.01, "cc_latency": 100000.0, "local_busy_duration": 0, "network_bin_len": 100000, "network_period": 300000, "network_first_bin": 0, "num_qubits_bob": 10}, "data_points": [{"num_teleport": 3, "num_local": 5, "tel_succ_prob": 0.3333333333333333, "tel_succ_prob_lower": 0.061490315276160515, "tel_succ_prob_upper": 0.7923450448735121, "loc_succ_prob": 1.0, "loc_succ_prob_lower": 0.565508505247919, "loc_succ_prob_upper": 1.0000000000000002, "makespan": 13146000.0}]}