{"meta": {"timestamp": "20231018_144244", "num_teleport": 3, "num_local": 3, "num_runs": 200, "t1": 10000000000.0, "t2": 10000000.0, "latency_factor": 0.01, "cc_latency": 100000.0, "local_busy_duration": 0, "network_bin_len": 100000, "network_period": 300000, "network_first_bin": 0, "num_qubits_bob": 10}, "data_points": [{"num_teleport": 3, "num_local": 3, "tel_succ_prob": 0.73, "tel_succ_prob_lower": 0.6930955625788863, "tel_succ_prob_upper": 0.7639779480901369, "loc_succ_prob": 0.9183333333333333, "loc_succ_prob_lower": 0.8936671427080688, "loc_succ_prob_upper": 0.9376767064073284, "makespan": 10746000.0}]}