{"meta": {"timestamp": "20231018_150753", "num_teleport": 15, "num_local": 9, "num_runs": 200, "t1": 10000000000.0, "t2": 10000000.0, "latency_factor": 0.01, "cc_latency": 100000.0, "local_busy_duration": 0, "network_bin_len": 100000, "network_period": 1500000, "network_first_bin": 0, "num_qubits_bob": 10}, "data_points": [{"num_teleport": 15, "num_local": 9, "tel_succ_prob": 0.6523333333333333, "tel_succ_prob_lower": 0.6351066468773972, "tel_succ_prob_upper": 0.669170382910059, "loc_succ_prob": 0.8188888888888889, "loc_succ_prob_lower": 0.8004245581397685, "loc_succ_prob_upper": 0.8359949589619547, "makespan": 48545750.0}]}