{"meta": {"timestamp": "20231018_145220", "num_teleport": 11, "num_local": 13, "num_runs": 200, "t1": 10000000000.0, "t2": 10000000.0, "latency_factor": 0.01, "cc_latency": 100000.0, "local_busy_duration": 0, "network_bin_len": 100000, "network_period": 1100000, "network_first_bin": 0, "num_qubits_bob": 10}, "data_points": [{"num_teleport": 11, "num_local": 13, "tel_succ_prob": 0.6686363636363636, "tel_succ_prob_lower": 0.6486879125579808, "tel_succ_prob_upper": 0.6879969018134331, "loc_succ_prob": 0.7646153846153846, "loc_succ_prob_lower": 0.7479251192306489, "loc_succ_prob_upper": 0.7805248448531878, "makespan": 42359025.0}]}