{"meta": {"timestamp": "20231018_145818", "num_teleport": 6, "num_local": 6, "num_runs": 200, "t1": 10000000000.0, "t2": 10000000.0, "latency_factor": 0.01, "cc_latency": 100000.0, "local_busy_duration": 0, "network_bin_len": 100000, "network_period": 600000, "network_first_bin": 0, "num_qubits_bob": 10}, "data_points": [{"num_teleport": 6, "num_local": 6, "tel_succ_prob": 0.7475, "tel_succ_prob_lower": 0.7221556210311836, "tel_succ_prob_upper": 0.771264775805078, "loc_succ_prob": 0.8491666666666666, "loc_succ_prob_lower": 0.827804761769551, "loc_succ_prob_upper": 0.8683001078412017, "makespan": 21954300.0}]}