{"meta": {"timestamp": "20231018_145221", "num_teleport": 5, "num_local": 15, "num_runs": 200, "t1": 10000000000.0, "t2": 10000000.0, "latency_factor": 0.01, "cc_latency": 100000.0, "local_busy_duration": 0, "network_bin_len": 100000, "network_period": 500000, "network_first_bin": 0, "num_qubits_bob": 10}, "data_points": [{"num_teleport": 5, "num_local": 15, "tel_succ_prob": 0.635, "tel_succ_prob_lower": 0.6046966883157053, "tel_succ_prob_upper": 0.6642700490659692, "loc_succ_prob": 0.7426666666666667, "loc_succ_prob_lower": 0.7267195134819281, "loc_succ_prob_upper": 0.7579931291554202, "makespan": 30645550.0}]}