{"meta": {"timestamp": "20231018_143650", "num_teleport": 12, "num_local": 4, "num_runs": 1, "t1": 10000000000.0, "t2": 10000000.0, "latency_factor": 0.01, "cc_latency": 100000.0, "local_busy_duration": 0, "network_bin_len": 100000, "network_period": 1200000, "network_first_bin": 0, "num_qubits_bob": 10}, "data_points": [{"num_teleport": 12, "num_local": 4, "tel_succ_prob": 0.8333333333333334, "tel_succ_prob_lower": 0.5519636426153274, "tel_succ_prob_upper": 0.9530358523851776, "loc_succ_prob": 1.0, "loc_succ_prob_lower": 0.5100999795960008, "loc_succ_prob_upper": 1.0, "makespan": 34854000.0}]}