{"meta": {"timestamp": "20231018_145818", "num_teleport": 12, "num_local": 4, "num_runs": 200, "t1": 10000000000.0, "t2": 10000000.0, "latency_factor": 0.01, "cc_latency": 100000.0, "local_busy_duration": 0, "network_bin_len": 100000, "network_period": 1200000, "network_first_bin": 0, "num_qubits_bob": 10}, "data_points": [{"num_teleport": 12, "num_local": 4, "tel_succ_prob": 0.7225, "tel_succ_prob_lower": 0.704240867323557, "tel_succ_prob_upper": 0.7400479743372247, "loc_succ_prob": 0.895, "loc_succ_prob_lower": 0.87183611863204, "loc_succ_prob_upper": 0.9143884310802417, "makespan": 34854950.0}]}