{"meta": {"timestamp": "20231018_151456", "num_teleport": 11, "num_local": 11, "num_runs": 200, "t1": 10000000000.0, "t2": 10000000.0, "latency_factor": 0.01, "cc_latency": 100000.0, "local_busy_duration": 0, "network_bin_len": 100000, "network_period": 1100000, "network_first_bin": 0, "num_qubits_bob": 10}, "data_points": [{"num_teleport": 11, "num_local": 11, "tel_succ_prob": 0.6677272727272727, "tel_succ_prob_lower": 0.6477668747222354, "tel_succ_prob_upper": 0.6871029271727829, "loc_succ_prob": 0.7681818181818182, "loc_succ_prob_lower": 0.7500895295064081, "loc_succ_prob_upper": 0.7853391510303419, "makespan": 40845975.0}]}