{"meta": {"timestamp": "20231018_150753", "num_teleport": 6, "num_local": 8, "num_runs": 200, "t1": 10000000000.0, "t2": 10000000.0, "latency_factor": 0.01, "cc_latency": 100000.0, "local_busy_duration": 0, "network_bin_len": 100000, "network_period": 600000, "network_first_bin": 0, "num_qubits_bob": 10}, "data_points": [{"num_teleport": 6, "num_local": 8, "tel_succ_prob": 0.745, "tel_succ_prob_lower": 0.7195839764892763, "tel_succ_prob_upper": 0.7688523759344977, "loc_succ_prob": 0.830625, "loc_succ_prob_lower": 0.8114589637191324, "loc_succ_prob_upper": 0.8482071778749002, "makespan": 24353775.0}]}