{"meta": {"timestamp": "20231018_143649", "num_teleport": 14, "num_local": 12, "num_runs": 1, "t1": 10000000000.0, "t2": 10000000.0, "latency_factor": 0.01, "cc_latency": 100000.0, "local_busy_duration": 0, "network_bin_len": 100000, "network_period": 1400000, "network_first_bin": 0, "num_qubits_bob": 10}, "data_points": [{"num_teleport": 14, "num_local": 12, "tel_succ_prob": 0.5714285714285714, "tel_succ_prob_lower": 0.3259026690286936, "tel_succ_prob_upper": 0.7861949006959947, "loc_succ_prob": 0.75, "loc_succ_prob_lower": 0.4676896608793401, "loc_succ_prob_upper": 0.9110599603710388, "makespan": 48554000.0}]}