{"meta": {"timestamp": "20231018_143631", "num_teleport": 15, "num_local": 7, "num_runs": 1, "t1": 10000000000.0, "t2": 10000000.0, "latency_factor": 0.01, "cc_latency": 100000.0, "local_busy_duration": 0, "network_bin_len": 100000, "network_period": 1500000, "network_first_bin": 0, "num_qubits_bob": 10}, "data_points": [{"num_teleport": 15, "num_local": 7, "tel_succ_prob": 0.6, "tel_succ_prob_lower": 0.357464427565077, "tel_succ_prob_upper": 0.8017577191740534, "loc_succ_prob": 0.5714285714285714, "loc_succ_prob_lower": 0.2504542304090258, "loc_succ_prob_upper": 0.8417830777373732, "makespan": 45659000.0}]}