{"meta": {"timestamp": "20231018_144244", "num_teleport": 1, "num_local": 1, "num_runs": 200, "t1": 10000000000.0, "t2": 10000000.0, "latency_factor": 0.01, "cc_latency": 100000.0, "local_busy_duration": 0, "network_bin_len": 100000, "network_period": 100000, "network_first_bin": 0, "num_qubits_bob": 10}, "data_points": [{"num_teleport": 1, "num_local": 1, "tel_succ_prob": 0.865, "tel_succ_prob_lower": 0.8107074954488286, "tel_succ_prob_upper": 0.9055349202307972, "loc_succ_prob": 1.0, "loc_succ_prob_lower": 0.9811539940816792, "loc_succ_prob_upper": 1.0, "makespan": 3345625.0}]}