{"meta": {"timestamp": "20231018_143644", "num_teleport": 12, "num_local": 10, "num_runs": 1, "t1": 10000000000.0, "t2": 10000000.0, "latency_factor": 0.01, "cc_latency": 100000.0, "local_busy_duration": 0, "network_bin_len": 100000, "network_period": 1200000, "network_first_bin": 0, "num_qubits_bob": 10}, "data_points": [{"num_teleport": 12, "num_local": 10, "tel_succ_prob": 0.5, "tel_succ_prob_lower": 0.2537781703934222, "tel_succ_prob_upper": 0.7462218296065778, "loc_succ_prob": 0.6, "loc_succ_prob_lower": 0.3126695474501863, "loc_succ_prob_upper": 0.8318224187964901, "makespan": 42149000.0}]}