{"meta": {"timestamp": "20231018_150753", "num_teleport": 14, "num_local": 7, "num_runs": 200, "t1": 10000000000.0, "t2": 10000000.0, "latency_factor": 0.01, "cc_latency": 100000.0, "local_busy_duration": 0, "network_bin_len": 100000, "network_period": 1400000, "network_first_bin": 0, "num_qubits_bob": 10}, "data_points": [{"num_teleport": 14, "num_local": 7, "tel_succ_prob": 0.6875, "tel_succ_prob_lower": 0.6700842051501116, "tel_succ_prob_upper": 0.7044019997767289, "loc_succ_prob": 0.8507142857142858, "loc_succ_prob_lower": 0.8310876353944161, "loc_succ_prob_upper": 0.8684214830132447, "makespan": 42946075.0}]}