{"meta": {"timestamp": "20231018_145221", "num_teleport": 7, "num_local": 13, "num_runs": 200, "t1": 10000000000.0, "t2": 10000000.0, "latency_factor": 0.01, "cc_latency": 100000.0, "local_busy_duration": 0, "network_bin_len": 100000, "network_period": 700000, "network_first_bin": 0, "num_qubits_bob": 10}, "data_points": [{"num_teleport": 7, "num_local": 13, "tel_succ_prob": 0.6671428571428571, "tel_succ_prob_lower": 0.6420301818390605, "tel_succ_prob_upper": 0.6913407625751811, "loc_succ_prob": 0.75, "loc_succ_prob_lower": 0.7329948815340869, "loc_succ_prob_upper": 0.7662674391846542, "makespan": 33146250.0}]}