{"meta": {"timestamp": "20231018_143630", "num_teleport": 9, "num_local": 11, "num_runs": 1, "t1": 10000000000.0, "t2": 10000000.0, "latency_factor": 0.01, "cc_latency": 100000.0, "local_busy_duration": 0, "network_bin_len": 100000, "network_period": 900000, "network_first_bin": 0, "num_qubits_bob": 10}, "data_points": [{"num_teleport": 9, "num_local": 11, "tel_succ_prob": 0.4444444444444444, "tel_succ_prob_lower": 0.188775429471914, "tel_succ_prob_upper": 0.7333526542559703, "loc_succ_prob": 0.9090909090909091, "loc_succ_prob_lower": 0.6226353745137962, "loc_succ_prob_upper": 0.9837682477371741, "makespan": 36241000.0}]}