{"meta": {"timestamp": "20231018_144535", "num_teleport": 13, "num_local": 3, "num_runs": 200, "t1": 10000000000.0, "t2": 10000000.0, "latency_factor": 0.01, "cc_latency": 100000.0, "local_busy_duration": 0, "network_bin_len": 100000, "network_period": 1300000, "network_first_bin": 0, "num_qubits_bob": 10}, "data_points": [{"num_teleport": 13, "num_local": 3, "tel_succ_prob": 0.7542307692307693, "tel_succ_prob_lower": 0.7373141322059027, "tel_succ_prob_upper": 0.7703972431711557, "loc_succ_prob": 0.9566666666666667, "loc_succ_prob_lower": 0.9372635612213899, "loc_succ_prob_upper": 0.9702592063388445, "makespan": 37245750.0}]}