{"meta": {"timestamp": "20231018_143644", "num_teleport": 10, "num_local": 2, "num_runs": 1, "t1": 10000000000.0, "t2": 10000000.0, "latency_factor": 0.01, "cc_latency": 100000.0, "local_busy_duration": 0, "network_bin_len": 100000, "network_period": 1000000, "network_first_bin": 0, "num_qubits_bob": 10}, "data_points": [{"num_teleport": 10, "num_local": 2, "tel_succ_prob": 0.7, "tel_succ_prob_lower": 0.3967732199795652, "tel_succ_prob_upper": 0.892210712513788, "loc_succ_prob": 1.0, "loc_succ_prob_lower": 0.3423719528896193, "loc_succ_prob_upper": 1.0, "makespan": 26346000.0}]}