{"meta": {"timestamp": "20231018_150753", "num_teleport": 5, "num_local": 9, "num_runs": 200, "t1": 10000000000.0, "t2": 10000000.0, "latency_factor": 0.01, "cc_latency": 100000.0, "local_busy_duration": 0, "network_bin_len": 100000, "network_period": 500000, "network_first_bin": 0, "num_qubits_bob": 10}, "data_points": [{"num_teleport": 5, "num_local": 9, "tel_succ_prob": 0.669, "tel_succ_prob_lower": 0.6392355125320964, "tel_succ_prob_upper": 0.6974709957457037, "loc_succ_prob": 0.8055555555555556, "loc_succ_prob_lower": 0.7866289591168163, "loc_succ_prob_upper": 0.8231806827053925, "makespan": 22859175.0}]}