{"meta": {"timestamp": "20231018_143650", "num_teleport": 12, "num_local": 12, "num_runs": 1, "t1": 10000000000.0, "t2": 10000000.0, "latency_factor": 0.01, "cc_latency": 100000.0, "local_busy_duration": 0, "network_bin_len": 100000, "network_period": 1200000, "network_first_bin": 0, "num_qubits_bob": 10}, "data_points": [{"num_teleport": 12, "num_local": 12, "tel_succ_prob": 0.6666666666666666, "tel_succ_prob_lower": 0.3906175873976139, "tel_succ_prob_upper": 0.8618821601026386, "loc_succ_prob": 0.8333333333333334, "loc_succ_prob_lower": 0.5519636426153274, "loc_succ_prob_upper": 0.9530358523851776, "makespan": 45551000.0}]}