{"meta": {"timestamp": "20231018_145818", "num_teleport": 13, "num_local": 4, "num_runs": 200, "t1": 10000000000.0, "t2": 10000000.0, "latency_factor": 0.01, "cc_latency": 100000.0, "local_busy_duration": 0, "network_bin_len": 100000, "network_period": 1300000, "network_first_bin": 0, "num_qubits_bob": 10}, "data_points": [{"num_teleport": 13, "num_local": 4, "tel_succ_prob": 0.698076923076923, "tel_succ_prob_lower": 0.6801483586420946, "tel_succ_prob_upper": 0.7154210185427541, "loc_succ_prob": 0.90875, "loc_succ_prob_lower": 0.8867937817694805, "loc_succ_prob_upper": 0.9267993440403804, "makespan": 37145975.0}]}