{"meta": {"timestamp": "20231018_150753", "num_teleport": 6, "num_local": 7, "num_runs": 200, "t1": 10000000000.0, "t2": 10000000.0, "latency_factor": 0.01, "cc_latency": 100000.0, "local_busy_duration": 0, "network_bin_len": 100000, "network_period": 600000, "network_first_bin": 0, "num_qubits_bob": 10}, "data_points": [{"num_teleport": 6, "num_local": 7, "tel_succ_prob": 0.7683333333333333, "tel_succ_prob_lower": 0.7436287111560382, "tel_succ_prob_upper": 0.791325389117619, "loc_succ_prob": 0.8578571428571429, "loc_succ_prob_lower": 0.8385846485793348, "loc_succ_prob_upper": 0.8751710913844901, "makespan": 23155125.0}]}