{"meta": {"timestamp": "20231018_145818", "num_teleport": 12, "num_local": 5, "num_runs": 200, "t1": 10000000000.0, "t2": 10000000.0, "latency_factor": 0.01, "cc_latency": 100000.0, "local_busy_duration": 0, "network_bin_len": 100000, "network_period": 1200000, "network_first_bin": 0, "num_qubits_bob": 10}, "data_points": [{"num_teleport": 12, "num_local": 5, "tel_succ_prob": 0.7145833333333333, "tel_succ_prob_lower": 0.6961833231701567, "tel_succ_prob_upper": 0.732297488543893, "loc_succ_prob": 0.899, "loc_succ_prob_lower": 0.8787698568381758, "loc_succ_prob_upper": 0.9161762780898847, "makespan": 36054350.0}]}