{"meta": {"timestamp": "20231018_150753", "num_teleport": 1, "num_local": 9, "num_runs": 200, "t1": 10000000000.0, "t2": 10000000.0, "latency_factor": 0.01, "cc_latency": 100000.0, "local_busy_duration": 0, "network_bin_len": 100000, "network_period": 100000, "network_first_bin": 0, "num_qubits_bob": 10}, "data_points": [{"num_teleport": 1, "num_local": 9, "tel_succ_prob": 0.625, "tel_succ_prob_lower": 0.5561417515728713, "tel_succ_prob_upper": 0.6891467469475485, "loc_succ_prob": 0.8111111111111111, "loc_succ_prob_lower": 0.7923729661822091, "loc_succ_prob_upper": 0.8285241236731308, "makespan": 13245775.0}]}