{"meta": {"timestamp": "20231018_150753", "num_teleport": 12, "num_local": 9, "num_runs": 200, "t1": 10000000000.0, "t2": 10000000.0, "latency_factor": 0.01, "cc_latency": 100000.0, "local_busy_duration": 0, "network_bin_len": 100000, "network_period": 1200000, "network_first_bin": 0, "num_qubits_bob": 10}, "data_points": [{"num_teleport": 12, "num_local": 9, "tel_succ_prob": 0.7, "tel_succ_prob_lower": 0.6813581248701542, "tel_succ_prob_upper": 0.7180026316788629, "loc_succ_prob": 0.8133333333333334, "loc_succ_prob_lower": 0.7946722137836468, "loc_succ_prob_upper": 0.8306598552849455, "makespan": 40959600.0}]}