{"meta": {"timestamp": "20231018_151456", "num_teleport": 4, "num_local": 12, "num_runs": 200, "t1": 10000000000.0, "t2": 10000000.0, "latency_factor": 0.01, "cc_latency": 100000.0, "local_busy_duration": 0, "network_bin_len": 100000, "network_period": 400000, "network_first_bin": 0, "num_qubits_bob": 10}, "data_points": [{"num_teleport": 4, "num_local": 12, "tel_succ_prob": 0.565, "tel_succ_prob_lower": 0.5304159353175513, "tel_succ_prob_upper": 0.5989627880528241, "loc_succ_prob": 0.7441666666666666, "loc_succ_prob_lower": 0.726329272994838, "loc_succ_prob_upper": 0.7612236506254205, "makespan": 24145750.0}]}