{"meta": {"timestamp": "20231018_150753", "num_teleport": 11, "num_local": 8, "num_runs": 200, "t1": 10000000000.0, "t2": 10000000.0, "latency_factor": 0.01, "cc_latency": 100000.0, "local_busy_duration": 0, "network_bin_len": 100000, "network_period": 1100000, "network_first_bin": 0, "num_qubits_bob": 10}, "data_points": [{"num_teleport": 11, "num_local": 8, "tel_succ_prob": 0.6931818181818182, "tel_succ_prob_lower": 0.6735877302595925, "tel_succ_prob_upper": 0.7121024209745072, "loc_succ_prob": 0.829375, "loc_succ_prob_lower": 0.8101583911544206, "loc_succ_prob_upper": 0.8470137385621298, "makespan": 36254175.0}]}