{"meta": {"timestamp": "20231018_150753", "num_teleport": 9, "num_local": 9, "num_runs": 200, "t1": 10000000000.0, "t2": 10000000.0, "latency_factor": 0.01, "cc_latency": 100000.0, "local_busy_duration": 0, "network_bin_len": 100000, "network_period": 900000, "network_first_bin": 0, "num_qubits_bob": 10}, "data_points": [{"num_teleport": 9, "num_local": 9, "tel_succ_prob": 0.6633333333333333, "tel_succ_prob_lower": 0.6411743604391461, "tel_succ_prob_upper": 0.6847966117349072, "loc_succ_prob": 0.8266666666666667, "loc_succ_prob_lower": 0.8084883223618058, "loc_succ_prob_upper": 0.843453621986301, "makespan": 33145975.0}]}