{"meta": {"timestamp": "20231018_151456", "num_teleport": 8, "num_local": 11, "num_runs": 200, "t1": 10000000000.0, "t2": 10000000.0, "latency_factor": 0.01, "cc_latency": 100000.0, "local_busy_duration": 0, "network_bin_len": 100000, "network_period": 800000, "network_first_bin": 0, "num_qubits_bob": 10}, "data_points": [{"num_teleport": 8, "num_local": 11, "tel_succ_prob": 0.658125, "tel_succ_prob_lower": 0.634528455136066, "tel_succ_prob_upper": 0.6809640473654278, "loc_succ_prob": 0.7581818181818182, "loc_succ_prob_lower": 0.7398490088541376, "loc_succ_prob_upper": 0.775614534442259, "makespan": 33046125.0}]}