{"meta": {"timestamp": "20231018_143643", "num_teleport": 13, "num_local": 6, "num_runs": 1, "t1": 10000000000.0, "t2": 10000000.0, "latency_factor": 0.01, "cc_latency": 100000.0, "local_busy_duration": 0, "network_bin_len": 100000, "network_period": 1300000, "network_first_bin": 0, "num_qubits_bob": 10}, "data_points": [{"num_teleport": 13, "num_local": 6, "tel_succ_prob": 0.5384615384615384, "tel_succ_prob_lower": 0.29143432431832045, "tel_succ_prob_upper": 0.7679424569851186, "loc_succ_prob": 0.8333333333333334, "loc_succ_prob_lower": 0.4364905634363539, "loc_succ_prob_upper": 0.9699474141282696, "makespan": 39054000.0}]}