{"meta": {"timestamp": "20231018_145818", "num_teleport": 13, "num_local": 6, "num_runs": 200, "t1": 10000000000.0, "t2": 10000000.0, "latency_factor": 0.01, "cc_latency": 100000.0, "local_busy_duration": 0, "network_bin_len": 100000, "network_period": 1300000, "network_first_bin": 0, "num_qubits_bob": 10}, "data_points": [{"num_teleport": 13, "num_local": 6, "tel_succ_prob": 0.6915384615384615, "tel_succ_prob_lower": 0.6735134655862268, "tel_succ_prob_upper": 0.7089982816721317, "loc_succ_prob": 0.8566666666666667, "loc_succ_prob_lower": 0.8357010156388278, "loc_succ_prob_upper": 0.8753559872093875, "makespan": 39059450.0}]}