{"meta": {"timestamp": "20231018_144535", "num_teleport": 12, "num_local": 3, "num_runs": 200, "t1": 10000000000.0, "t2": 10000000.0, "latency_factor": 0.01, "cc_latency": 100000.0, "local_busy_duration": 0, "network_bin_len": 100000, "network_period": 1200000, "network_first_bin": 0, "num_qubits_bob": 10}, "data_points": [{"num_teleport": 12, "num_local": 3, "tel_succ_prob": 0.7425, "tel_succ_prob_lower": 0.7246282209082934, "tel_succ_prob_upper": 0.7595966964073901, "loc_succ_prob": 0.935, "loc_succ_prob_lower": 0.9123754386747958, "loc_succ_prob_upper": 0.9520896793296613, "makespan": 33653875.0}]}