{"meta": {"timestamp": "20231018_145818", "num_teleport": 7, "num_local": 5, "num_runs": 200, "t1": 10000000000.0, "t2": 10000000.0, "latency_factor": 0.01, "cc_latency": 100000.0, "local_busy_duration": 0, "network_bin_len": 100000, "network_period": 700000, "network_first_bin": 0, "num_qubits_bob": 10}, "data_points": [{"num_teleport": 7, "num_local": 5, "tel_succ_prob": 0.7264285714285714, "tel_succ_prob_lower": 0.702480705311703, "tel_succ_prob_upper": 0.749137198018701, "loc_succ_prob": 0.882, "loc_succ_prob_lower": 0.8605274931519409, "loc_succ_prob_upper": 0.9005487563280569, "makespan": 22858875.0}]}