{"meta": {"timestamp": "20231018_145818", "num_teleport": 7, "num_local": 4, "num_runs": 200, "t1": 10000000000.0, "t2": 10000000.0, "latency_factor": 0.01, "cc_latency": 100000.0, "local_busy_duration": 0, "network_bin_len": 100000, "network_period": 700000, "network_first_bin": 0, "num_qubits_bob": 10}, "data_points": [{"num_teleport": 7, "num_local": 4, "tel_succ_prob": 0.7421428571428571, "tel_succ_prob_lower": 0.718586727407741, "tel_succ_prob_upper": 0.7643737433462243, "loc_succ_prob": 0.925, "loc_succ_prob_lower": 0.9046475492108013, "loc_succ_prob_upper": 0.9412902574416537, "makespan": 21545825.0}]}