{"meta": {"timestamp": "20231018_143651", "num_teleport": 5, "num_local": 13, "num_runs": 1, "t1": 10000000000.0, "t2": 10000000.0, "latency_factor": 0.01, "cc_latency": 100000.0, "local_busy_duration": 0, "network_bin_len": 100000, "network_period": 500000, "network_first_bin": 0, "num_qubits_bob": 10}, "data_points": [{"num_teleport": 5, "num_local": 13, "tel_succ_prob": 0.8, "tel_succ_prob_lower": 0.37552826411853885, "tel_succ_prob_upper": 0.9637768390302125, "loc_succ_prob": 0.7692307692307693, "loc_succ_prob_lower": 0.49743126004873084, "loc_succ_prob_upper": 0.918206209075343, "makespan": 28146000.0}]}