{"meta": {"timestamp": "20231018_151456", "num_teleport": 5, "num_local": 10, "num_runs": 200, "t1": 10000000000.0, "t2": 10000000.0, "latency_factor": 0.01, "cc_latency": 100000.0, "local_busy_duration": 0, "network_bin_len": 100000, "network_period": 500000, "network_first_bin": 0, "num_qubits_bob": 10}, "data_points": [{"num_teleport": 5, "num_local": 10, "tel_succ_prob": 0.677, "tel_succ_prob_lower": 0.6473866655126974, "tel_succ_prob_upper": 0.7052586123877205, "loc_succ_prob": 0.787, "loc_succ_prob_lower": 0.7685145962944608, "loc_succ_prob_upper": 0.8043849782028448, "makespan": 24346175.0}]}