{"meta": {"timestamp": "20231018_143619", "num_teleport": 5, "num_local": 12, "num_runs": 1, "t1": 10000000000.0, "t2": 10000000.0, "latency_factor": 0.01, "cc_latency": 100000.0, "local_busy_duration": 0, "network_bin_len": 100000, "network_period": 500000, "network_first_bin": 0, "num_qubits_bob": 10}, "data_points": [{"num_teleport": 5, "num_local": 12, "tel_succ_prob": 0.6, "tel_succ_prob_lower": 0.23071993220883702, "tel_succ_prob_upper": 0.8823817688407467, "loc_succ_prob": 0.9166666666666666, "loc_succ_prob_lower": 0.6461140782014047, "loc_succ_prob_upper": 0.9851352905492264, "makespan": 26841000.0}]}