{"meta": {"timestamp": "20231018_150753", "num_teleport": 8, "num_local": 9, "num_runs": 200, "t1": 10000000000.0, "t2": 10000000.0, "latency_factor": 0.01, "cc_latency": 100000.0, "local_busy_duration": 0, "network_bin_len": 100000, "network_period": 800000, "network_first_bin": 0, "num_qubits_bob": 10}, "data_points": [{"num_teleport": 8, "num_local": 9, "tel_succ_prob": 0.6825, "tel_succ_prob_lower": 0.6592763233351733, "tel_succ_prob_upper": 0.7048494107772229, "loc_succ_prob": 0.8061111111111111, "loc_succ_prob_lower": 0.7872030992682868, "loc_succ_prob_upper": 0.823715287357235, "makespan": 30645225.0}]}