{"meta": {"timestamp": "20231018_150753", "num_teleport": 10, "num_local": 7, "num_runs": 200, "t1": 10000000000.0, "t2": 10000000.0, "latency_factor": 0.01, "cc_latency": 100000.0, "local_busy_duration": 0, "network_bin_len": 100000, "network_period": 1000000, "network_first_bin": 0, "num_qubits_bob": 10}, "data_points": [{"num_teleport": 10, "num_local": 7, "tel_succ_prob": 0.6675, "tel_succ_prob_lower": 0.6465489195032615, "tel_succ_prob_upper": 0.6878088461005666, "loc_succ_prob": 0.84, "loc_succ_prob_lower": 0.8198693311446179, "loc_succ_prob_upper": 0.8582698549287966, "makespan": 33240750.0}]}