{"meta": {"timestamp": "20231018_145220", "num_teleport": 12, "num_local": 13, "num_runs": 200, "t1": 10000000000.0, "t2": 10000000.0, "latency_factor": 0.01, "cc_latency": 100000.0, "local_busy_duration": 0, "network_bin_len": 100000, "network_period": 1200000, "network_first_bin": 0, "num_qubits_bob": 10}, "data_points": [{"num_teleport": 12, "num_local": 13, "tel_succ_prob": 0.6704166666666667, "tel_succ_prob_lower": 0.6513509907167766, "tel_succ_prob_upper": 0.6889376539260319, "loc_succ_prob": 0.7611538461538462, "loc_succ_prob_lower": 0.7443866497516958, "loc_succ_prob_upper": 0.7771504514298816, "makespan": 46746100.0}]}