{"meta": {"timestamp": "20231018_143645", "num_teleport": 12, "num_local": 13, "num_runs": 1, "t1": 10000000000.0, "t2": 10000000.0, "latency_factor": 0.01, "cc_latency": 100000.0, "local_busy_duration": 0, "network_bin_len": 100000, "network_period": 1200000, "network_first_bin": 0, "num_qubits_bob": 10}, "data_points": [{"num_teleport": 12, "num_local": 13, "tel_succ_prob": 0.5833333333333334, "tel_succ_prob_lower": 0.3195073356553728, "tel_succ_prob_upper": 0.8067425380947534, "loc_succ_prob": 0.8461538461538461, "loc_succ_prob_lower": 0.5776482949136899, "loc_succ_prob_upper": 0.9567427368172621, "makespan": 46746000.0}]}