{"meta": {"timestamp": "20231018_150753", "num_teleport": 13, "num_local": 8, "num_runs": 200, "t1": 10000000000.0, "t2": 10000000.0, "latency_factor": 0.01, "cc_latency": 100000.0, "local_busy_duration": 0, "network_bin_len": 100000, "network_period": 1300000, "network_first_bin": 0, "num_qubits_bob": 10}, "data_points": [{"num_teleport": 13, "num_local": 8, "tel_succ_prob": 0.6888461538461539, "tel_succ_prob_lower": 0.6707826639482484, "tel_succ_prob_upper": 0.7063524121639085, "loc_succ_prob": 0.831875, "loc_succ_prob_lower": 0.8127598967022805, "loc_succ_prob_upper": 0.8494002567692344, "makespan": 41658900.0}]}