{"meta": {"timestamp": "20231018_151456", "num_teleport": 3, "num_local": 12, "num_runs": 200, "t1": 10000000000.0, "t2": 10000000.0, "latency_factor": 0.01, "cc_latency": 100000.0, "local_busy_duration": 0, "network_bin_len": 100000, "network_period": 300000, "network_first_bin": 0, "num_qubits_bob": 10}, "data_points": [{"num_teleport": 3, "num_local": 12, "tel_succ_prob": 0.595, "tel_succ_prob_lower": 0.5552365539933924, "tel_succ_prob_upper": 0.6335546786742475, "loc_succ_prob": 0.7775, "loc_succ_prob_lower": 0.7604234411197064, "loc_succ_prob_upper": 0.7936896085920551, "makespan": 21845800.0}]}