{"meta": {"timestamp": "20231018_150753", "num_teleport": 12, "num_local": 7, "num_runs": 200, "t1": 10000000000.0, "t2": 10000000.0, "latency_factor": 0.01, "cc_latency": 100000.0, "local_busy_duration": 0, "network_bin_len": 100000, "network_period": 1200000, "network_first_bin": 0, "num_qubits_bob": 10}, "data_points": [{"num_teleport": 12, "num_local": 7, "tel_succ_prob": 0.7125, "tel_succ_prob_lower": 0.6940640517041544, "tel_succ_prob_upper": 0.7302567521291764, "loc_succ_prob": 0.8471428571428572, "loc_succ_prob_lower": 0.8273446766834464, "loc_succ_prob_upper": 0.8650411309461324, "makespan": 38154125.0}]}