{"meta": {"timestamp": "20231018_143636", "num_teleport": 14, "num_local": 9, "num_runs": 1, "t1": 10000000000.0, "t2": 10000000.0, "latency_factor": 0.01, "cc_latency": 100000.0, "local_busy_duration": 0, "network_bin_len": 100000, "network_period": 1400000, "network_first_bin": 0, "num_qubits_bob": 10}, "data_points": [{"num_teleport": 14, "num_local": 9, "tel_succ_prob": 0.7142857142857143, "tel_succ_prob_lower": 0.4535045882751561, "tel_succ_prob_upper": 0.882788120898909, "loc_succ_prob": 0.5555555555555556, "loc_succ_prob_lower": 0.26664734574402965, "loc_succ_prob_upper": 0.8112245705280859, "makespan": 45764000.0}]}