{"meta": {"timestamp": "20231018_145221", "num_teleport": 6, "num_local": 13, "num_runs": 200, "t1": 10000000000.0, "t2": 10000000.0, "latency_factor": 0.01, "cc_latency": 100000.0, "local_busy_duration": 0, "network_bin_len": 100000, "network_period": 600000, "network_first_bin": 0, "num_qubits_bob": 10}, "data_points": [{"num_teleport": 6, "num_local": 13, "tel_succ_prob": 0.6908333333333333, "tel_succ_prob_lower": 0.6641104163579731, "tel_succ_prob_upper": 0.7163383071285718, "loc_succ_prob": 0.7546153846153846, "loc_succ_prob_lower": 0.7377068973572409, "loc_succ_prob_upper": 0.770772573897846, "makespan": 30653425.0}]}