{"meta": {"timestamp": "20231018_143639", "num_teleport": 6, "num_local": 13, "num_runs": 1, "t1": 10000000000.0, "t2": 10000000.0, "latency_factor": 0.01, "cc_latency": 100000.0, "local_busy_duration": 0, "network_bin_len": 100000, "network_period": 600000, "network_first_bin": 0, "num_qubits_bob": 10}, "data_points": [{"num_teleport": 6, "num_local": 13, "tel_succ_prob": 0.5, "tel_succ_prob_lower": 0.1876128068994087, "tel_succ_prob_upper": 0.8123871931005913, "loc_succ_prob": 0.9230769230769231, "loc_succ_prob_lower": 0.6668546607175265, "loc_succ_prob_upper": 0.9862899336203037, "makespan": 30649000.0}]}