{"meta": {"timestamp": "20231018_145220", "num_teleport": 4, "num_local": 14, "num_runs": 200, "t1": 10000000000.0, "t2": 10000000.0, "latency_factor": 0.01, "cc_latency": 100000.0, "local_busy_duration": 0, "network_bin_len": 100000, "network_period": 400000, "network_first_bin": 0, "num_qubits_bob": 10}, "data_points": [{"num_teleport": 4, "num_local": 14, "tel_succ_prob": 0.5375, "tel_succ_prob_lower": 0.5028523315082781, "tel_succ_prob_upper": 0.5717892396669384, "loc_succ_prob": 0.7475, "loc_succ_prob_lower": 0.7310762250467411, "loc_succ_prob_upper": 0.7632455654566884, "makespan": 26546050.0}]}