{"meta": {"timestamp": "20231018_144535", "num_teleport": 5, "num_local": 2, "num_runs": 200, "t1": 10000000000.0, "t2": 10000000.0, "latency_factor": 0.01, "cc_latency": 100000.0, "local_busy_duration": 0, "network_bin_len": 100000, "network_period": 500000, "network_first_bin": 0, "num_qubits_bob": 10}, "data_points": [{"num_teleport": 5, "num_local": 2, "tel_succ_prob": 0.774, "tel_succ_prob_lower": 0.7470571078650102, "tel_succ_prob_upper": 0.7988457517096478, "loc_succ_prob": 0.9725, "loc_succ_prob_lower": 0.951434030711826, "loc_succ_prob_upper": 0.9845765239214759, "makespan": 14346150.0}]}