{"meta": {"timestamp": "20231018_145818", "num_teleport": 3, "num_local": 6, "num_runs": 200, "t1": 10000000000.0, "t2": 10000000.0, "latency_factor": 0.01, "cc_latency": 100000.0, "local_busy_duration": 0, "network_bin_len": 100000, "network_period": 300000, "network_first_bin": 0, "num_qubits_bob": 10}, "data_points": [{"num_teleport": 3, "num_local": 6, "tel_succ_prob": 0.6616666666666666, "tel_succ_prob_lower": 0.6228854724352652, "tel_succ_prob_upper": 0.6983908357886134, "loc_succ_prob": 0.8691666666666666, "loc_succ_prob_lower": 0.8489027841789003, "loc_succ_prob_upper": 0.8870744407317522, "makespan": 14645725.0}]}