{"meta": {"timestamp": "20231018_143650", "num_teleport": 9, "num_local": 10, "num_runs": 1, "t1": 10000000000.0, "t2": 10000000.0, "latency_factor": 0.01, "cc_latency": 100000.0, "local_busy_duration": 0, "network_bin_len": 100000, "network_period": 900000, "network_first_bin": 0, "num_qubits_bob": 10}, "data_points": [{"num_teleport": 9, "num_local": 10, "tel_succ_prob": 0.6666666666666666, "tel_succ_prob_lower": 0.35419734749908977, "tel_succ_prob_upper": 0.8794184013172571, "loc_succ_prob": 0.7, "loc_succ_prob_lower": 0.3967732199795652, "loc_succ_prob_upper": 0.892210712513788, "makespan": 34141000.0}]}