{"meta": {"timestamp": "20231018_144535", "num_teleport": 10, "num_local": 3, "num_runs": 200, "t1": 10000000000.0, "t2": 10000000.0, "latency_factor": 0.01, "cc_latency": 100000.0, "local_busy_duration": 0, "network_bin_len": 100000, "network_period": 1000000, "network_first_bin": 0, "num_qubits_bob": 10}, "data_points": [{"num_teleport": 10, "num_local": 3, "tel_succ_prob": 0.709, "tel_succ_prob_lower": 0.6887071548990193, "tel_succ_prob_upper": 0.7284914899439662, "loc_succ_prob": 0.9383333333333334, "loc_succ_prob_lower": 0.9161564740659305, "loc_succ_prob_upper": 0.9549328977163384, "makespan": 28240500.0}]}