{"meta": {"timestamp": "20231018_144535", "num_teleport": 4, "num_local": 1, "num_runs": 200, "t1": 10000000000.0, "t2": 10000000.0, "latency_factor": 0.01, "cc_latency": 100000.0, "local_busy_duration": 0, "network_bin_len": 100000, "network_period": 400000, "network_first_bin": 0, "num_qubits_bob": 10}, "data_points": [{"num_teleport": 4, "num_local": 1, "tel_succ_prob": 0.77375, "tel_succ_prob_lower": 0.7434876900673328, "tel_succ_prob_upper": 0.8013957795117485, "loc_succ_prob": 1.0, "loc_succ_prob_lower": 0.9811539940816792, "loc_succ_prob_upper": 1.0, "makespan": 10545675.0}]}