{"meta": {"timestamp": "20231018_145221", "num_teleport": 8, "num_local": 13, "num_runs": 200, "t1": 10000000000.0, "t2": 10000000.0, "latency_factor": 0.01, "cc_latency": 100000.0, "local_busy_duration": 0, "network_bin_len": 100000, "network_period": 800000, "network_first_bin": 0, "num_qubits_bob": 10}, "data_points": [{"num_teleport": 8, "num_local": 13, "tel_succ_prob": 0.623125, "tel_succ_prob_lower": 0.5991111513243026, "tel_succ_prob_upper": 0.6465490186076908, "loc_succ_prob": 0.7515384615384615, "loc_succ_prob_lower": 0.7345652718391169, "loc_succ_prob_upper": 0.7677694323917394, "makespan": 35645875.0}]}