{"meta": {"timestamp": "20231018_143641", "num_teleport": 11, "num_local": 1, "num_runs": 1, "t1": 10000000000.0, "t2": 10000000.0, "latency_factor": 0.01, "cc_latency": 100000.0, "local_busy_duration": 0, "network_bin_len": 100000, "network_period": 1100000, "network_first_bin": 0, "num_qubits_bob": 10}, "data_points": [{"num_teleport": 11, "num_local": 1, "tel_succ_prob": 0.8181818181818182, "tel_succ_prob_lower": 0.5230138624217553, "tel_succ_prob_upper": 0.9486333993289994, "loc_succ_prob": 1.0, "loc_succ_prob_lower": 0.20654329147389294, "loc_succ_prob_upper": 1.0, "makespan": 29146000.0}]}