{"meta": {"timestamp": "20231018_144244", "num_teleport": 1, "num_local": 3, "num_runs": 200, "t1": 10000000000.0, "t2": 10000000.0, "latency_factor": 0.01, "cc_latency": 100000.0, "local_busy_duration": 0, "network_bin_len": 100000, "network_period": 100000, "network_first_bin": 0, "num_qubits_bob": 10}, "data_points": [{"num_teleport": 1, "num_local": 3, "tel_succ_prob": 0.765, "tel_succ_prob_lower": 0.7015850701327535, "tel_succ_prob_upper": 0.8184265467305365, "loc_succ_prob": 0.9266666666666666, "loc_succ_prob_lower": 0.9029832929223907, "loc_succ_prob_upper": 0.9449211906375364, "makespan": 5845925.0}]}