{"meta": {"timestamp": "20231018_150753", "num_teleport": 3, "num_local": 9, "num_runs": 200, "t1": 10000000000.0, "t2": 10000000.0, "latency_factor": 0.01, "cc_latency": 100000.0, "local_busy_duration": 0, "network_bin_len": 100000, "network_period": 300000, "network_first_bin": 0, "num_qubits_bob": 10}, "data_points": [{"num_teleport": 3, "num_local": 9, "tel_succ_prob": 0.5983333333333334, "tel_succ_prob_lower": 0.558600731905537, "tel_succ_prob_upper": 0.636814754539915, "loc_succ_prob": 0.8183333333333334, "loc_succ_prob_lower": 0.7998490479521491, "loc_succ_prob_upper": 0.8354617243462612, "makespan": 18245850.0}]}