{"meta": {"timestamp": "20231018_143652", "num_teleport": 6, "num_local": 4, "num_runs": 1, "t1": 10000000000.0, "t2": 10000000.0, "latency_factor": 0.01, "cc_latency": 100000.0, "local_busy_duration": 0, "network_bin_len": 100000, "network_period": 600000, "network_first_bin": 0, "num_qubits_bob": 10}, "data_points": [{"num_teleport": 6, "num_local": 4, "tel_succ_prob": 0.6666666666666666, "tel_succ_prob_lower": 0.2999883213415286, "tel_succ_prob_upper": 0.903230667440783, "loc_succ_prob": 0.75, "loc_succ_prob_lower": 0.30063605244263664, "loc_succ_prob_upper": 0.9544139373553638, "makespan": 19559000.0}]}