{"meta": {"timestamp": "20231018_145818", "num_teleport": 6, "num_local": 4, "num_runs": 200, "t1": 10000000000.0, "t2": 10000000.0, "latency_factor": 0.01, "cc_latency": 100000.0, "local_busy_duration": 0, "network_bin_len": 100000, "network_period": 600000, "network_first_bin": 0, "num_qubits_bob": 10}, "data_points": [{"num_teleport": 6, "num_local": 4, "tel_succ_prob": 0.7758333333333334, "tel_succ_prob_lower": 0.7513785311993562, "tel_succ_prob_upper": 0.7985277023117636, "loc_succ_prob": 0.895, "loc_succ_prob_lower": 0.87183611863204, "loc_succ_prob_upper": 0.9143884310802417, "makespan": 19553800.0}]}