{"meta": {"timestamp": "20231018_151456", "num_teleport": 2, "num_local": 12, "num_runs": 200, "t1": 10000000000.0, "t2": 10000000.0, "latency_factor": 0.01, "cc_latency": 100000.0, "local_busy_duration": 0, "network_bin_len": 100000, "network_period": 200000, "network_first_bin": 0, "num_qubits_bob": 10}, "data_points": [{"num_teleport": 2, "num_local": 12, "tel_succ_prob": 0.585, "tel_succ_prob_lower": 0.5361280807400124, "tel_succ_prob_upper": 0.6322547703580418, "loc_succ_prob": 0.7654166666666666, "loc_succ_prob_lower": 0.7480476886047897, "loc_succ_prob_upper": 0.781937315398802, "makespan": 18858850.0}]}