{"meta": {"timestamp": "20231018_145221", "num_teleport": 15, "num_local": 14, "num_runs": 200, "t1": 10000000000.0, "t2": 10000000.0, "latency_factor": 0.01, "cc_latency": 100000.0, "local_busy_duration": 0, "network_bin_len": 100000, "network_period": 1500000, "network_first_bin": 0, "num_qubits_bob": 10}, "data_points": [{"num_teleport": 15, "num_local": 14, "tel_succ_prob": 0.6446666666666667, "tel_succ_prob_lower": 0.627364619199128, "tel_succ_prob_upper": 0.661598686988522, "loc_succ_prob": 0.7435714285714285, "loc_succ_prob_lower": 0.7270711903479001, "loc_succ_prob_upper": 0.7594042225284906, "makespan": 53453700.0}]}