{"meta": {"timestamp": "20231018_143646", "num_teleport": 10, "num_local": 10, "num_runs": 1, "t1": 10000000000.0, "t2": 10000000.0, "latency_factor": 0.01, "cc_latency": 100000.0, "local_busy_duration": 0, "network_bin_len": 100000, "network_period": 1000000, "network_first_bin": 0, "num_qubits_bob": 10}, "data_points": [{"num_teleport": 10, "num_local": 10, "tel_succ_prob": 0.6, "tel_succ_prob_lower": 0.3126695474501863, "tel_succ_prob_upper": 0.8318224187964901, "loc_succ_prob": 1.0, "loc_succ_prob_lower": 0.7224598312333834, "loc_succ_prob_upper": 1.0, "makespan": 37046000.0}]}