{"meta": {"timestamp": "20231018_143640", "num_teleport": 11, "num_local": 10, "num_runs": 1, "t1": 10000000000.0, "t2": 10000000.0, "latency_factor": 0.01, "cc_latency": 100000.0, "local_busy_duration": 0, "network_bin_len": 100000, "network_period": 1100000, "network_first_bin": 0, "num_qubits_bob": 10}, "data_points": [{"num_teleport": 11, "num_local": 10, "tel_succ_prob": 0.7272727272727273, "tel_succ_prob_lower": 0.4343497069897538, "tel_succ_prob_upper": 0.9025411942607853, "loc_succ_prob": 0.9, "loc_succ_prob_lower": 0.5958436145024277, "loc_succ_prob_upper": 0.9821242504842789, "makespan": 39046000.0}]}