{"meta": {"timestamp": "20231018_151456", "num_teleport": 11, "num_local": 10, "num_runs": 200, "t1": 10000000000.0, "t2": 10000000.0, "latency_factor": 0.01, "cc_latency": 100000.0, "local_busy_duration": 0, "network_bin_len": 100000, "network_period": 1100000, "network_first_bin": 0, "num_qubits_bob": 10}, "data_points": [{"num_teleport": 11, "num_local": 10, "tel_succ_prob": 0.6754545454545454, "tel_succ_prob_lower": 0.655598339363639, "tel_succ_prob_upper": 0.6946990685807432, "loc_succ_prob": 0.798, "loc_succ_prob_lower": 0.7798401210245763, "loc_succ_prob_upper": 0.8150172768855181, "makespan": 39041000.0}]}