{"meta": {"timestamp": "20231018_150753", "num_teleport": 11, "num_local": 7, "num_runs": 200, "t1": 10000000000.0, "t2": 10000000.0, "latency_factor": 0.01, "cc_latency": 100000.0, "local_busy_duration": 0, "network_bin_len": 100000, "network_period": 1100000, "network_first_bin": 0, "num_qubits_bob": 10}, "data_points": [{"num_teleport": 11, "num_local": 7, "tel_succ_prob": 0.6690909090909091, "tel_succ_prob_lower": 0.6491484624184399, "tel_succ_prob_upper": 0.6884438581911718, "loc_succ_prob": 0.85, "loc_succ_prob_lower": 0.8303387541653551, "loc_succ_prob_upper": 0.8677457020866892, "makespan": 35159125.0}]}