{"meta": {"timestamp": "20231018_151456", "num_teleport": 4, "num_local": 11, "num_runs": 200, "t1": 10000000000.0, "t2": 10000000.0, "latency_factor": 0.01, "cc_latency": 100000.0, "local_busy_duration": 0, "network_bin_len": 100000, "network_period": 400000, "network_first_bin": 0, "num_qubits_bob": 10}, "data_points": [{"num_teleport": 4, "num_local": 11, "tel_succ_prob": 0.56375, "tel_succ_prob_lower": 0.5291607440941466, "tel_succ_prob_upper": 0.5977299269037216, "loc_succ_prob": 0.7695454545454545, "loc_succ_prob_lower": 0.7514870237508314, "loc_succ_prob_upper": 0.7866641755005122, "makespan": 23045750.0}]}