{"meta": {"timestamp": "20231018_143635", "num_teleport": 9, "num_local": 14, "num_runs": 1, "t1": 10000000000.0, "t2": 10000000.0, "latency_factor": 0.01, "cc_latency": 100000.0, "local_busy_duration": 0, "network_bin_len": 100000, "network_period": 900000, "network_first_bin": 0, "num_qubits_bob": 10}, "data_points": [{"num_teleport": 9, "num_local": 14, "tel_succ_prob": 0.4444444444444444, "tel_succ_prob_lower": 0.188775429471914, "tel_succ_prob_upper": 0.7333526542559703, "loc_succ_prob": 0.8571428571428571, "loc_succ_prob_lower": 0.600580922361363, "loc_succ_prob_upper": 0.9599069262620787, "makespan": 38946000.0}]}