{"meta": {"timestamp": "20231018_145818", "num_teleport": 5, "num_local": 5, "num_runs": 200, "t1": 10000000000.0, "t2": 10000000.0, "latency_factor": 0.01, "cc_latency": 100000.0, "local_busy_duration": 0, "network_bin_len": 100000, "network_period": 500000, "network_first_bin": 0, "num_qubits_bob": 10}, "data_points": [{"num_teleport": 5, "num_local": 5, "tel_succ_prob": 0.71, "tel_succ_prob_lower": 0.6811142525473721, "tel_succ_prob_upper": 0.7372784500463437, "loc_succ_prob": 0.901, "loc_succ_prob_lower": 0.880925983194987, "loc_succ_prob_upper": 0.9180048441387278, "makespan": 17858775.0}]}