{"meta": {"timestamp": "20231018_145818", "num_teleport": 9, "num_local": 5, "num_runs": 200, "t1": 10000000000.0, "t2": 10000000.0, "latency_factor": 0.01, "cc_latency": 100000.0, "local_busy_duration": 0, "network_bin_len": 100000, "network_period": 900000, "network_first_bin": 0, "num_qubits_bob": 10}, "data_points": [{"num_teleport": 9, "num_local": 5, "tel_succ_prob": 0.6838888888888889, "tel_succ_prob_lower": 0.6620366654094402, "tel_succ_prob_upper": 0.7049578644871981, "loc_succ_prob": 0.877, "loc_succ_prob_lower": 0.8551883398130525, "loc_succ_prob_upper": 0.8959261786528091, "makespan": 29046125.0}]}