{"meta": {"timestamp": "20231018_143648", "num_teleport": 9, "num_local": 12, "num_runs": 1, "t1": 10000000000.0, "t2": 10000000.0, "latency_factor": 0.01, "cc_latency": 100000.0, "local_busy_duration": 0, "network_bin_len": 100000, "network_period": 900000, "network_first_bin": 0, "num_qubits_bob": 10}, "data_points": [{"num_teleport": 9, "num_local": 12, "tel_succ_prob": 0.8888888888888888, "tel_succ_prob_lower": 0.5649937852319398, "tel_succ_prob_upper": 0.9801096286728695, "loc_succ_prob": 0.5833333333333334, "loc_succ_prob_lower": 0.3195073356553728, "loc_succ_prob_upper": 0.8067425380947534, "makespan": 36741000.0}]}