{"meta": {"timestamp": "20231018_151456", "num_teleport": 9, "num_local": 12, "num_runs": 200, "t1": 10000000000.0, "t2": 10000000.0, "latency_factor": 0.01, "cc_latency": 100000.0, "local_busy_duration": 0, "network_bin_len": 100000, "network_period": 900000, "network_first_bin": 0, "num_qubits_bob": 10}, "data_points": [{"num_teleport": 9, "num_local": 12, "tel_succ_prob": 0.6588888888888889, "tel_succ_prob_lower": 0.6366697250198833, "tel_succ_prob_upper": 0.6804312887276652, "loc_succ_prob": 0.77625, "loc_succ_prob_lower": 0.7591422722362215, "loc_succ_prob_upper": 0.7924747727471085, "makespan": 36746100.0}]}