{"meta": {"timestamp": "20231018_145220", "num_teleport": 14, "num_local": 14, "num_runs": 200, "t1": 10000000000.0, "t2": 10000000.0, "latency_factor": 0.01, "cc_latency": 100000.0, "local_busy_duration": 0, "network_bin_len": 100000, "network_period": 1400000, "network_first_bin": 0, "num_qubits_bob": 10}, "data_points": [{"num_teleport": 14, "num_local": 14, "tel_succ_prob": 0.6635714285714286, "tel_succ_prob_lower": 0.6458566936942397, "tel_succ_prob_upper": 0.6808379384133658, "loc_succ_prob": 0.7496428571428572, "loc_succ_prob_lower": 0.7332615203660285, "loc_succ_prob_upper": 0.7653401124794218, "makespan": 51645825.0}]}