{"meta": {"timestamp": "20231018_144535", "num_teleport": 4, "num_local": 2, "num_runs": 200, "t1": 10000000000.0, "t2": 10000000.0, "latency_factor": 0.01, "cc_latency": 100000.0, "local_busy_duration": 0, "network_bin_len": 100000, "network_period": 400000, "network_first_bin": 0, "num_qubits_bob": 10}, "data_points": [{"num_teleport": 4, "num_local": 2, "tel_succ_prob": 0.72625, "tel_succ_prob_lower": 0.694325641085035, "tel_succ_prob_upper": 0.7560118383387718, "loc_succ_prob": 0.975, "loc_succ_prob_lower": 0.9545979351700659, "loc_succ_prob_upper": 0.9863650562602375, "makespan": 11745750.0}]}