{"meta": {"timestamp": "20231018_145221", "num_teleport": 11, "num_local": 15, "num_runs": 200, "t1": 10000000000.0, "t2": 10000000.0, "latency_factor": 0.01, "cc_latency": 100000.0, "local_busy_duration": 0, "network_bin_len": 100000, "network_period": 1100000, "network_first_bin": 0, "num_qubits_bob": 10}, "data_points": [{"num_teleport": 11, "num_local": 15, "tel_succ_prob": 0.6459090909090909, "tel_succ_prob_lower": 0.6256863083017978, "tel_succ_prob_upper": 0.665623194159722, "loc_succ_prob": 0.7493333333333333, "loc_succ_prob_lower": 0.733512192947235, "loc_succ_prob_upper": 0.764516731081249, "makespan": 45059200.0}]}