{"meta": {"timestamp": "20231018_145818", "num_teleport": 3, "num_local": 4, "num_runs": 200, "t1": 10000000000.0, "t2": 10000000.0, "latency_factor": 0.01, "cc_latency": 100000.0, "local_busy_duration": 0, "network_bin_len": 100000, "network_period": 300000, "network_first_bin": 0, "num_qubits_bob": 10}, "data_points": [{"num_teleport": 3, "num_local": 4, "tel_succ_prob": 0.7233333333333334, "tel_succ_prob_lower": 0.6862027970184568, "tel_succ_prob_upper": 0.7576222060949427, "loc_succ_prob": 0.91875, "loc_succ_prob_lower": 0.8977552576703384, "loc_succ_prob_upper": 0.9357422871195804, "makespan": 11945675.0}]}