{"meta": {"timestamp": "20231018_151456", "num_teleport": 2, "num_local": 10, "num_runs": 200, "t1": 10000000000.0, "t2": 10000000.0, "latency_factor": 0.01, "cc_latency": 100000.0, "local_busy_duration": 0, "network_bin_len": 100000, "network_period": 200000, "network_first_bin": 0, "num_qubits_bob": 10}, "data_points": [{"num_teleport": 2, "num_local": 10, "tel_succ_prob": 0.615, "tel_succ_prob_lower": 0.5664344525867855, "tel_succ_prob_upper": 0.661377640075288, "loc_succ_prob": 0.7955, "loc_succ_prob_lower": 0.7772643903692261, "loc_succ_prob_upper": 0.8126025931288707, "makespan": 16358625.0}]}