{"meta": {"timestamp": "20231018_150753", "num_teleport": 10, "num_local": 8, "num_runs": 200, "t1": 10000000000.0, "t2": 10000000.0, "latency_factor": 0.01, "cc_latency": 100000.0, "local_busy_duration": 0, "network_bin_len": 100000, "network_period": 1000000, "network_first_bin": 0, "num_qubits_bob": 10}, "data_points": [{"num_teleport": 10, "num_local": 8, "tel_succ_prob": 0.6535, "tel_succ_prob_lower": 0.632368390680003, "tel_succ_prob_upper": 0.6740430542166396, "loc_succ_prob": 0.81875, "loc_succ_prob_lower": 0.7991176479483819, "loc_succ_prob_upper": 0.8368553808095701, "makespan": 34446125.0}]}