{"meta": {"timestamp": "20231018_145221", "num_teleport": 11, "num_local": 14, "num_runs": 200, "t1": 10000000000.0, "t2": 10000000.0, "latency_factor": 0.01, "cc_latency": 100000.0, "local_busy_duration": 0, "network_bin_len": 100000, "network_period": 1100000, "network_first_bin": 0, "num_qubits_bob": 10}, "data_points": [{"num_teleport": 11, "num_local": 14, "tel_succ_prob": 0.67, "tel_succ_prob_lower": 0.6500696241316458, "tel_succ_prob_upper": 0.6893377089543619, "loc_succ_prob": 0.7621428571428571, "loc_succ_prob_lower": 0.7460196191278128, "loc_succ_prob_upper": 0.7775477607127602, "makespan": 45041300.0}]}