{"meta": {"timestamp": "20231018_145220", "num_teleport": 12, "num_local": 15, "num_runs": 200, "t1": 10000000000.0, "t2": 10000000.0, "latency_factor": 0.01, "cc_latency": 100000.0, "local_busy_duration": 0, "network_bin_len": 100000, "network_period": 1200000, "network_first_bin": 0, "num_qubits_bob": 10}, "data_points": [{"num_teleport": 12, "num_local": 15, "tel_succ_prob": 0.6895833333333333, "tel_succ_prob_lower": 0.6707822509523296, "tel_succ_prob_upper": 0.707778466193093, "loc_succ_prob": 0.7376666666666667, "loc_succ_prob_lower": 0.7216281261198639, "loc_succ_prob_upper": 0.7530973054741323, "makespan": 48053950.0}]}