{"meta": {"timestamp": "20231018_150753", "num_teleport": 7, "num_local": 8, "num_runs": 200, "t1": 10000000000.0, "t2": 10000000.0, "latency_factor": 0.01, "cc_latency": 100000.0, "local_busy_duration": 0, "network_bin_len": 100000, "network_period": 700000, "network_first_bin": 0, "num_qubits_bob": 10}, "data_points": [{"num_teleport": 7, "num_local": 8, "tel_succ_prob": 0.6971428571428572, "tel_succ_prob_lower": 0.6725605148676294, "tel_succ_prob_upper": 0.7206462400825018, "loc_succ_prob": 0.820625, "loc_succ_prob_lower": 0.8010642186417577, "loc_succ_prob_upper": 0.8386498279324177, "makespan": 26446000.0}]}