{"meta": {"timestamp": "20231018_151456", "num_teleport": 5, "num_local": 11, "num_runs": 200, "t1": 10000000000.0, "t2": 10000000.0, "latency_factor": 0.01, "cc_latency": 100000.0, "local_busy_duration": 0, "network_bin_len": 100000, "network_period": 500000, "network_first_bin": 0, "num_qubits_bob": 10}, "data_points": [{"num_teleport": 5, "num_local": 11, "tel_succ_prob": 0.643, "tel_succ_prob_lower": 0.6128087342717189, "tel_succ_prob_upper": 0.6720967727325735, "loc_succ_prob": 0.7940909090909091, "loc_succ_prob_lower": 0.7766879090105961, "loc_succ_prob_upper": 0.810468627103433, "makespan": 25645725.0}]}